<?xml version="1.0"?>
<databaseChangeLog xmlns="http://www.liquibase.org/xml/ns/dbchangelog/1.8" xmlns:xsi="http://www.w3.org/2001/XMLSchema-instance" xsi:schemaLocation="http://www.liquibase.org/xml/ns/dbchangelog/1.8 http://www.liquibase.org/xml/ns/dbchangelog/dbchangelog-1.8.xsd">
  <changeSet author="rjimenez (generated)" id="1224784366762-1">
    <createTable tableName="CLIENTES">
      <column name="ID_CLIENTE" type="bigint">
        <constraints nullable="false" primaryKey="true" primaryKeyName="CLIENTESPK"/>
      </column>
      <column name="NOMBRE" type="varchar(255)"/>
      <column name="APELLIDO1" type="varchar(255)"/>
      <column name="APELLIDO2" type="varchar(255)"/>
      <column name="DNI" type="varchar(255)"/>
      <column name="TIPO_VIA" type="varchar(255)"/>
      <column name="NOMBRE_VIA" type="varchar(255)"/>
      <column name="NUMERO_VIA" type="varchar(255)"/>
      <column name="PORTAL" type="varchar(255)"/>
      <column name="ESCALERA" type="varchar(255)"/>
      <column name="PISO" type="varchar(255)"/>
      <column name="PUERTA" type="varchar(255)"/>
      <column name="CODIGO_POSTAL" type="varchar(255)"/>
      <column name="POBLACION" type="varchar(255)"/>
      <column name="PROVINCIA" type="varchar(255)"/>
      <column name="TELEFONO_FIJO" type="varchar(255)"/>
      <column name="TELEFONO_MOVIL" type="varchar(255)"/>
      <column name="EMAIL" type="varchar(255)"/>
    </createTable>
  </changeSet>
  <changeSet author="rjimenez (generated)" id="1224784366762-2">
    <createTable tableName="CREDITOS">
      <column name="ID_CREDITO" type="bigint">
        <constraints nullable="false" primaryKey="true" primaryKeyName="CREDITOSPK"/>
      </column>
      <column name="TIPO_CREDITO" type="bigint"/>
      <column name="TITULAR" type="bigint"/>
      <column name="CUENTA_CARGO" type="bigint"/>
      <column name="PRINCIPAL" type="double precision(19,2)"/>
      <column name="CAPITAL_PENDIENTE" type="double precision(19,2)"/>
      <column name="PLAZO_INICIAL" type="integer"/>
      <column name="PERIODO_CARENCIA" type="integer"/>
      <column name="CUOTAS_PENDIENTES" type="integer"/>
      <column name="FECHA_CONTRATACION" type="datetime"/>
    </createTable>
  </changeSet>
  <changeSet author="rjimenez (generated)" id="1224784366762-3">
    <createTable tableName="CUENTAS">
      <column name="NUMERO_CUENTA" type="bigint">
        <constraints nullable="false" primaryKey="true" primaryKeyName="CUENTASPK"/>
      </column>
      <column name="SALDO" type="bigint"/>
      <column name="LIMITE_ROJO" type="bigint"/>
      <column name="FECHA_CREACION" type="datetime"/>
      <column name="OFICINA" type="integer"/>
      <column name="ID_TIPO_CUENTAS" type="integer"/>
    </createTable>
  </changeSet>
  <changeSet author="rjimenez (generated)" id="1224784366762-4">
    <createTable tableName="CuentasClientes">
      <column name="ID_CLIENTE" type="bigint">
        <constraints nullable="false"/>
      </column>
      <column name="NUMERO_CUENTA" type="bigint">
        <constraints nullable="false"/>
      </column>
    </createTable>
  </changeSet>
  <changeSet author="rjimenez (generated)" id="1224784366762-5">
    <createTable tableName="MOVIMIENTOS_CUENTAS">
      <column name="ID_MC" type="bigint">
        <constraints nullable="false" primaryKey="true" primaryKeyName="MOVIMIENTOS_CPK"/>
      </column>
      <column name="VALOR" type="bigint"/>
      <column name="CONCEPTO" type="varchar(255)"/>
      <column name="FECHA" type="datetime"/>
      <column name="NUMERO_TARJETA" type="bigint"/>
      <column name="NUMERO_CUENTA" type="bigint"/>
      <column name="ID_TIPO_MOVIMIENTO" type="integer"/>
    </createTable>
  </changeSet>
  <changeSet author="rjimenez (generated)" id="1224784366762-6">
    <createTable tableName="POLIZAS">
      <column name="NUMERO_POLIZA" type="bigint">
        <constraints nullable="false" primaryKey="true" primaryKeyName="POLIZASPK"/>
      </column>
      <column name="TIPO_POLIZA" type="bigint"/>
      <column name="FECHA_ACTIVACION" type="datetime"/>
      <column name="FECHA_TERMINACION" type="datetime"/>
      <column name="CUENTA_CARGO" type="bigint"/>
      <column name="PRECIO" type="bigint"/>
    </createTable>
  </changeSet>
  <changeSet author="rjimenez (generated)" id="1224784366762-7">
    <createTable tableName="TAREAS_EN_CURSO">
      <column name="ID_TAREA" type="integer">
        <constraints nullable="false" primaryKey="true" primaryKeyName="TAREAS_EN_CURPK"/>
      </column>
      <column name="ID_CLIENTE" type="bigint"/>
      <column name="TAREA" type="varchar(255)"/>
    </createTable>
  </changeSet>
  <changeSet author="rjimenez (generated)" id="1224784366762-8">
    <createTable tableName="TIPO_CUENTAS">
      <column name="ID_TIPO_CUENTAS" type="integer">
        <constraints nullable="false" primaryKey="true" primaryKeyName="TIPO_CUENTASPK"/>
      </column>
      <column name="NOMBRE" type="varchar(255)"/>
      <column name="INTERES" type="integer"/>
    </createTable>
  </changeSet>
  <changeSet author="rjimenez (generated)" id="1224784366762-9">
    <createTable tableName="TIPO_MOVIMIENTOS">
      <column name="ID_TIPO_MOVIMIENTO" type="integer">
        <constraints nullable="false" primaryKey="true" primaryKeyName="TIPO_MOVIMIENPK"/>
      </column>
      <column name="DESCRIPCION" type="varchar(255)"/>
    </createTable>
  </changeSet>
  <changeSet author="rjimenez (generated)" id="1224784366762-10">
    <createTable tableName="TIPO_PERMISOS">
      <column name="ID_TIPO_PERMISO" type="integer">
        <constraints nullable="false" primaryKey="true" primaryKeyName="TIPO_PERMISOSPK"/>
      </column>
      <column name="TIPO_PERMISO" type="varchar(255)"/>
    </createTable>
  </changeSet>
  <changeSet author="rjimenez (generated)" id="1224784366762-11">
    <createTable tableName="TIPOS_CREDITOS">
      <column name="ID" type="bigint">
        <constraints nullable="false" primaryKey="true" primaryKeyName="TIPOS_CREDITOPK"/>
      </column>
      <column name="NOMBRE_CREDITO" type="varchar(255)"/>
      <column name="TIPO_GARANTIA" type="varchar(255)"/>
      <column name="TIPO_AMORTIZACION" type="varchar(255)"/>
      <column name="TIPO_REFERENCIA" type="varchar(255)"/>
      <column name="PLAZO_MINIMO" type="integer"/>
      <column name="PLAZO_MAXIMO" type="integer"/>
      <column name="PRINCIPAL_MINIMO" type="double precision(19,2)"/>
      <column name="PRINCIPAL_MAXIMO" type="double precision(19,2)"/>
      <column name="CARENCIA_MAXIMA" type="integer"/>
      <column name="INTERES" type="double precision(19,2)"/>
      <column name="FRECUENCIA_REVISION" type="integer"/>
    </createTable>
  </changeSet>
  <changeSet author="rjimenez (generated)" id="1224784366762-12">
    <createTable tableName="TIPOS_POLIZAS">
      <column name="ID" type="bigint">
        <constraints nullable="false" primaryKey="true" primaryKeyName="TIPOS_POLIZASPK"/>
      </column>
      <column name="NOMBRE_POLIZA" type="varchar(255)"/>
      <column name="COBERTURAS" type="varchar(255)"/>
      <column name="CONTRATO" type="varchar(255)"/>
    </createTable>
  </changeSet>
  <changeSet author="rjimenez (generated)" id="1224784366762-13">
    <addPrimaryKey columnNames="NUMERO_CUENTA, ID_CLIENTE" tableName="CuentasClientes"/>
  </changeSet>
  <changeSet author="rjimenez (generated)" id="1224784366762-14">
    <addForeignKeyConstraint baseColumnNames="CUENTA_CARGO" baseTableName="CREDITOS" constraintName="FK9B4CCE9D7236295E" deferrable="false" initiallyDeferred="false" referencedColumnNames="NUMERO_CUENTA" referencedTableName="CUENTAS"/>
  </changeSet>
  <changeSet author="rjimenez (generated)" id="1224784366762-15">
    <addForeignKeyConstraint baseColumnNames="TIPO_CREDITO" baseTableName="CREDITOS" constraintName="FK9B4CCE9DDA6FCFDC" deferrable="false" initiallyDeferred="false" referencedColumnNames="ID" referencedTableName="TIPOS_CREDITOS"/>
  </changeSet>
  <changeSet author="rjimenez (generated)" id="1224784366762-16">
    <addForeignKeyConstraint baseColumnNames="TITULAR" baseTableName="CREDITOS" constraintName="FK9B4CCE9D259B2E30" deferrable="false" initiallyDeferred="false" referencedColumnNames="ID_CLIENTE" referencedTableName="CLIENTES"/>
  </changeSet>
  <changeSet author="rjimenez (generated)" id="1224784366762-17">
    <addForeignKeyConstraint baseColumnNames="ID_TIPO_CUENTAS" baseTableName="CUENTAS" constraintName="FK6D3E7D0B159EBF1" deferrable="false" initiallyDeferred="false" referencedColumnNames="ID_TIPO_CUENTAS" referencedTableName="TIPO_CUENTAS"/>
  </changeSet>
  <changeSet author="rjimenez (generated)" id="1224784366762-18">
    <addForeignKeyConstraint baseColumnNames="ID_CLIENTE" baseTableName="CuentasClientes" constraintName="FK302EBE45037F2DF" deferrable="false" initiallyDeferred="false" referencedColumnNames="ID_CLIENTE" referencedTableName="CLIENTES"/>
  </changeSet>
  <changeSet author="rjimenez (generated)" id="1224784366762-19">
    <addForeignKeyConstraint baseColumnNames="NUMERO_CUENTA" baseTableName="CuentasClientes" constraintName="FK302EBE4B98D3224" deferrable="false" initiallyDeferred="false" referencedColumnNames="NUMERO_CUENTA" referencedTableName="CUENTAS"/>
  </changeSet>
  <changeSet author="rjimenez (generated)" id="1224784366762-20">
    <addForeignKeyConstraint baseColumnNames="ID_TIPO_MOVIMIENTO" baseTableName="MOVIMIENTOS_CUENTAS" constraintName="FK4B4E502A16732156" deferrable="false" initiallyDeferred="false" referencedColumnNames="ID_TIPO_MOVIMIENTO" referencedTableName="TIPO_MOVIMIENTOS"/>
  </changeSet>
  <changeSet author="rjimenez (generated)" id="1224784366762-21">
    <addForeignKeyConstraint baseColumnNames="NUMERO_CUENTA" baseTableName="MOVIMIENTOS_CUENTAS" constraintName="FK4B4E502AB98D3224" deferrable="false" initiallyDeferred="false" referencedColumnNames="NUMERO_CUENTA" referencedTableName="CUENTAS"/>
  </changeSet>
  <changeSet author="rjimenez (generated)" id="1224784366762-22">
    <addForeignKeyConstraint baseColumnNames="CUENTA_CARGO" baseTableName="POLIZAS" constraintName="FK1312E0D07236295E" deferrable="false" initiallyDeferred="false" referencedColumnNames="NUMERO_CUENTA" referencedTableName="CUENTAS"/>
  </changeSet>
  <changeSet author="rjimenez (generated)" id="1224784366762-23">
    <addForeignKeyConstraint baseColumnNames="TIPO_POLIZA" baseTableName="POLIZAS" constraintName="FK1312E0D0F10B5316" deferrable="false" initiallyDeferred="false" referencedColumnNames="ID" referencedTableName="TIPOS_POLIZAS"/>
  </changeSet>
  <changeSet author="rjimenez (generated)" id="1224784366762-24">
    <addForeignKeyConstraint baseColumnNames="ID_CLIENTE" baseTableName="TAREAS_EN_CURSO" constraintName="FK193A89735037F2DF" deferrable="false" initiallyDeferred="false" referencedColumnNames="ID_CLIENTE" referencedTableName="CLIENTES"/>
  </changeSet>
</databaseChangeLog>