<?xml version="1.0"?>
<!DOCTYPE hibernate-mapping PUBLIC
	"-//Hibernate/Hibernate Mapping DTD 3.0//EN"
	"http://hibernate.sourceforge.net/hibernate-mapping-3.0.dtd">
<hibernate-mapping package="es.upm.dit.itecban.ad.pbo.domain">
  	<class name="Cliente" table="CLIENTES" lazy="false">
  
  		<id name="idCliente" type="java.lang.Long" column="ID_CLIENTE">
  			<generator class="increment"></generator>
  		</id>
  		<property name="nombre" column="NOMBRE"></property>
  		<property name="apellido1" column="APELLIDO1"></property>
  		<property name="apellido2" column="APELLIDO2"></property>
  		<property name="dni" column="DNI"></property>
  		<property name="tipoVia" column="TIPO_VIA"></property>
  		<property name="nombreVia" column="NOMBRE_VIA"></property>
  		<property name="numeroVia" column="NUMERO_VIA"></property>
  		<property name="portal" column="PORTAL"></property>
  		<property name="escalera" column="ESCALERA"></property>
  		<property name="piso" column="PISO"></property>
  		<property name="puerta" column="PUERTA"></property>
  		<property name="codigoPostal" column="CODIGO_POSTAL"></property>
  		<property name="poblacion" column="POBLACION"></property>
  		<property name="provincia" column="PROVINCIA"></property>
  		<property name="telefonoFijo" column="TELEFONO_FIJO"></property>
  		<property name="telefonoMovil" column="TELEFONO_MOVIL"></property>
  		<property name="email" column="EMAIL"></property>
  
 		<!-- Bidirectional association between accounts and customers.
			 Cliente is not in charge. It has inverse mapping. -->  
  		<set name="cuentasCliente" table="CuentasClientes" inverse="true" cascade="all">
    		<key column="ID_CLIENTE"/>
    		<many-to-many column="NUMERO_CUENTA" class="es.upm.dit.itecban.ad.pbo.domain.Cuenta"/>
		</set>
			
  
  	</class>
</hibernate-mapping>