<?xml version="1.0"?>
<!DOCTYPE hibernate-mapping PUBLIC
	"-//Hibernate/Hibernate Mapping DTD 3.0//EN"
	"http://hibernate.sourceforge.net/hibernate-mapping-3.0.dtd">
<hibernate-mapping package="es.upm.dit.itecban.ad.pbo.domain">
   
	<class name="MovimientoCuenta" table="MOVIMIENTOS_CUENTAS" lazy="false">
  
  		<id name="idMCuentas" 
  			column="ID_MC">
  			<generator class="increment"></generator>
  		</id>
  
  		<property name="valor"
  			column="VALOR"></property>
  
  		<property name="concepto"
  			column="CONCEPTO"></property>
  
  		<property name="fecha"
  			column="FECHA"></property>
  		
  		<property name="numero_tarjeta"
  			column="NUMERO_TARJETA"></property>
  
  		<many-to-one name="cuenta" cascade="all" column="NUMERO_CUENTA">
  		</many-to-one>
  		
  		<many-to-one name="tipoMovimiento" cascade="all" column="ID_TIPO_MOVIMIENTO">
  		</many-to-one>
  		
  	</class>



</hibernate-mapping>