<?xml version="1.0"?>
<!DOCTYPE hibernate-mapping PUBLIC
	"-//Hibernate/Hibernate Mapping DTD 3.0//EN"
	"http://hibernate.sourceforge.net/hibernate-mapping-3.0.dtd">
<hibernate-mapping package="es.upm.dit.itecban.ad.pbo.domain">
   
	<class name="Poliza" table="POLIZAS" lazy="false">
  
  		<id name="numeroPoliza" 
  			column="NUMERO_POLIZA">
  			<generator class="increment"></generator>
  		</id>
  
  		<many-to-one name="tipoPoliza" 
  					 class="es.upm.dit.itecban.ad.pbo.domain.TipoPoliza"
  					 cascade="all"
  					 column="TIPO_POLIZA"/>
  
  		<property name="fechaActivacion"
  			column="FECHA_ACTIVACION"/>
  
  		<property name="fechaTerminacion"
  			column="FECHA_TERMINACION"/>
  		
  		<many-to-one name="cuentaCargo"
  					 class="es.upm.dit.itecban.ad.pbo.domain.Cuenta"
  					 cascade="all"
  					 column="CUENTA_CARGO" />

  		<property name="precio"
  			column="PRECIO"/>
  		
  	</class>



</hibernate-mapping>