<?xml version="1.0"?>
<!DOCTYPE hibernate-mapping PUBLIC
	"-//Hibernate/Hibernate Mapping DTD 3.0//EN"
	"http://hibernate.sourceforge.net/hibernate-mapping-3.0.dtd">
<hibernate-mapping package="es.upm.dit.itecban.ad.pbo.domain">
   
	<class name="TareaEnCurso" table="TAREAS_EN_CURSO" lazy="false">
  
  		<id name="idTarea" 
  			column="ID_TAREA">
  			<generator class="increment"></generator>
  		</id>
  
  		<many-to-one name="cliente" cascade="none" column="ID_CLIENTE">
  		</many-to-one>
  		
  		<property name="tarea"
  			column="TAREA"></property>
  		
  	</class>

</hibernate-mapping>