<?xml version="1.0"?>
<!DOCTYPE hibernate-mapping PUBLIC
	"-//Hibernate/Hibernate Mapping DTD 3.0//EN"
	"http://hibernate.sourceforge.net/hibernate-mapping-3.0.dtd">
<hibernate-mapping package="es.upm.dit.itecban.ad.pbo.domain">
   
	<class name="TipoCredito" table="TIPOS_CREDITOS" lazy="false">
  
  		<id name="id" 
  			type="java.lang.Long"
  			column="ID">
  			<generator class="increment"></generator>
  		</id>
  
  		<property name="nombreCredito"
  			type="string"
  			column="NOMBRE_CREDITO"/>
  
  		<property name="tipoGarantia"
  			type="string"
  			column="TIPO_GARANTIA"/>
  			
  		<property name="tipoAmortizacion"
  			type="string"
  			column="TIPO_AMORTIZACION"/>
  			  			
  		<property name="tipoReferencia"
  			type="string"
  			column="TIPO_REFERENCIA"/>
  			
  		<property name="plazoMinimo"
  			type="int"
  			column="PLAZO_MINIMO"/>
  			
  		<property name="plazoMaximo"
  			type="int"
  			column="PLAZO_MAXIMO"/>
  			
  		<property name="principalMinimo"
  			type="double"
			column="PRINCIPAL_MINIMO"/>
			
		<property name="principalMaximo"
			type="double"
			column="PRINCIPAL_MAXIMO"/>
			
		<property name="carenciaMaxima"
			type="int"
			column="CARENCIA_MAXIMA"/>
		  			
  		<!-- T.A.E. para tipos fijos, y diferencial en caso de tipo variable (también medido en T.A.E.) -->	
  		<property name="interes"
  			type="double"
  			column="INTERES"/>
  			
  		<property name="frecuenciaRevision"
  			type="int"
  			column="FRECUENCIA_REVISION"/>
  		
  	</class>

</hibernate-mapping>