<?xml version="1.0"?>
<!DOCTYPE hibernate-mapping PUBLIC
	"-//Hibernate/Hibernate Mapping DTD 3.0//EN"
	"http://hibernate.sourceforge.net/hibernate-mapping-3.0.dtd">
<hibernate-mapping package="es.upm.dit.itecban.ad.pbo.domain">
   
	<class name="TipoPoliza" table="TIPOS_POLIZAS" lazy="false">
  
  		<id name="id" 
  			column="ID">
  			<generator class="increment"></generator>
  		</id>
  
  		<property name="nombrePoliza"
  			column="NOMBRE_POLIZA"></property>
  
  		<property name="coberturas"
  			column="COBERTURAS"></property>
  			
  		<property name="textoContrato"
  			column="CONTRATO"></property>
  		
  	</class>



</hibernate-mapping>