<?xml version="1.0"?>
<!DOCTYPE hibernate-mapping PUBLIC
	"-//Hibernate/Hibernate Mapping DTD 3.0//EN"
	"http://hibernate.sourceforge.net/hibernate-mapping-3.0.dtd">
<hibernate-mapping package="es.upm.dit.itecban.ad.pbo.domain">
   
	<class name="TipoMovimiento" table="TIPO_MOVIMIENTOS" lazy="false">
  
  		<id name="idTipoMovimiento" 
  			column="ID_TIPO_MOVIMIENTO">
  			<generator class="increment"></generator>
  		</id>
  
  		<property name="descripcion"
  			column="DESCRIPCION"></property>
		</class>



</hibernate-mapping>