<?xml version="1.0"?>
<!DOCTYPE hibernate-mapping PUBLIC
	"-//Hibernate/Hibernate Mapping DTD 3.0//EN"
	"http://hibernate.sourceforge.net/hibernate-mapping-3.0.dtd">
<hibernate-mapping package="es.upm.dit.itecban.ad.pbo.domain">
  	<class name="Cliente" table="CLIENTES" lazy="false">
  
  		<id name="idCliente" type="java.lang.Long" column="ID_CLIENTE">
  			<generator class="increment"></generator>
  		</id>
		<property name="nombre" type="string" column="NOMBRE"></property>
		<property name="apellido1" type="string" column="APELLIDO1"></property>
		<property name="apellido2" type="string" column="APELLIDO2"></property>
		<property name="dni" column="DNI" type="string"></property>
		<property name="tipoVia" type="string" column="TIPO_VIA"></property>
		<property name="nombreVia" type="string" column="NOMBRE_VIA"></property>
		<property name="numeroVia" type="string" column="NUMERO_VIA"></property>
		<property name="portal" type="string" column="PORTAL"></property>
		<property name="escalera" type="string" column="ESCALERA"></property>
		<property name="piso" type="string" column="PISO"></property>
		<property name="puerta" type="string" column="PUERTA"></property>
		<property name="codigoPostal" type="string" column="CODIGO_POSTAL"></property>
		<property name="poblacion" type="string" column="POBLACION"></property>
		<property name="provincia" type="string" column="PROVINCIA"></property>
		<property name="telefonoFijo" type="string" column="TELEFONO_FIJO"></property>
		<property name="telefonoMovil" type="string" column="TELEFONO_MOVIL"></property>
		<property name="email" type="string" column="EMAIL"></property>
  
 		<!-- Bidirectional association between accounts and customers.
			 Cliente is not in charge. It has inverse mapping. -->  
  		<set name="cuentasCliente" table="CuentasClientes" inverse="true" cascade="all">
    		<key column="ID_CLIENTE"/>
    		<many-to-many column="NUMERO_CUENTA" class="es.upm.dit.itecban.ad.pbo.domain.Cuenta"/>
		</set>
			
  
  	</class>
</hibernate-mapping>