<?xml version="1.0"?>
<!DOCTYPE hibernate-mapping PUBLIC
	"-//Hibernate/Hibernate Mapping DTD 3.0//EN"
	"http://hibernate.sourceforge.net/hibernate-mapping-3.0.dtd">
<hibernate-mapping package="es.upm.dit.itecban.ad.pbo.domain">
   
	<class name="Credito" table="CREDITOS" lazy="false">
  
  		<id name="IdCredito"
  			type="java.lang.Long" 
  			column="ID_CREDITO">
  			<generator class="increment"></generator>
  		</id>
  
  		<many-to-one name="tipoCredito" 
  					 class="es.upm.dit.itecban.ad.pbo.domain.TipoCredito"
  					 cascade="all"
  					 column="TIPO_CREDITO"/>
  					 
  		<many-to-one name="titular" 
  					 class="es.upm.dit.itecban.ad.pbo.domain.Cliente"
  					 cascade="all"
  					 column="TITULAR"/>
  					 
  		<many-to-one name="cuentaCargo"
  					 class="es.upm.dit.itecban.ad.pbo.domain.Cuenta"
  					 cascade="all"
  					 column="CUENTA_CARGO" />
  
  		<property name="principal"
  			type="double"
  			column="PRINCIPAL"/>
  					
  		<property name="capitalPendiente"
  			type="double"
  			column="CAPITAL_PENDIENTE"/>
  					
  		<property name="plazoInicial"
  			type="int"
  			column="PLAZO_INICIAL"/>
  			
  		<property name="periodoCarencia"
  			type="int"
  			column="PERIODO_CARENCIA"/>
  					
  		<property name="cuotasPendientes"
  			type="int"
  			column="CUOTAS_PENDIENTES"/>						
  
  		<property name="fechaContratacion"
  			type="timestamp"
  			column="FECHA_CONTRATACION"/>
		
  	</class>

</hibernate-mapping>