<?xml version="1.0"?>
<!DOCTYPE hibernate-mapping PUBLIC
	"-//Hibernate/Hibernate Mapping DTD 3.0//EN"
	"http://hibernate.sourceforge.net/hibernate-mapping-3.0.dtd">
<hibernate-mapping package="es.upm.dit.itecban.ad.pbo.domain">
   
	<class name="Cuenta" table="CUENTAS" lazy="false">
  
  		<id name="numeroCuenta"
  			type="long" 
  			column="NUMERO_CUENTA">
  			<generator class="increment"></generator>
  		</id>
  
  		<property name="saldo"
  				type="long"
  				column="SALDO">
  		</property>
  		
  		<property name="limiteRojo"
  				type="long"
  				column="LIMITE_ROJO">
  		</property>
  
  		<property name="fechaCreacion"
  				type="timestamp"		
  				column="FECHA_CREACION">
  		</property>
  	
  		<property name="oficina"
  				type="int"
  				column="OFICINA">
  		</property>
  
		<!-- Bidirectional association between accounts and customers.
			 Cuenta is in charge. Cliente has inverse mapping. -->  
  		<set name="titulares" table="CuentasClientes" inverse="false" cascade="all">
    		<key column="NUMERO_CUENTA"/>
    		<many-to-many column="ID_CLIENTE" class="es.upm.dit.itecban.ad.pbo.domain.Cliente"/>
		</set>
  		
  		<many-to-one name="tipoCuenta" 
  					class="es.upm.dit.itecban.ad.pbo.domain.TipoCuenta"
  					cascade="all" 
  					column="ID_TIPO_CUENTAS">
  		</many-to-one>
  		
  		<set name="movimientosCuenta" inverse="true" cascade="all">
    		<key column="NUMERO_CUENTA"/>
    		<one-to-many class="MovimientoCuenta"/>
		</set>
		
		<set name="polizasCuenta" table="POLIZAS" inverse="true" cascade="all">
			<key column="CUENTA_CARGO"/>
			<one-to-many class="es.upm.dit.itecban.ad.pbo.domain.Poliza"/>
		</set>
		
		<set name="creditosCuenta" table="CREDITOS" inverse="true" cascade="all">
			<key column="CUENTA_CARGO"/>
			<one-to-many class="es.upm.dit.itecban.ad.pbo.domain.Credito"/>
		</set>
		
  	</class>

</hibernate-mapping>