<?xml version="1.0"?>
<!DOCTYPE hibernate-mapping PUBLIC
	"-//Hibernate/Hibernate Mapping DTD 3.0//EN"
	"http://hibernate.sourceforge.net/hibernate-mapping-3.0.dtd">
<hibernate-mapping package="es.upm.dit.itecban.ad.pbo.domain">
   
	<class name="TipoPermiso" table="TIPO_PERMISOS" lazy="false">
  
		<id name="idTipoPermiso" type="java.lang.Long"
  			column="ID_TIPO_PERMISO">
  			<generator class="increment"></generator>
  		</id>
  
		<property name="tipoPermiso" type="string"
  			column="TIPO_PERMISO"></property>

  	</class>



</hibernate-mapping>