<?xml version="1.0"?>
<!DOCTYPE hibernate-mapping PUBLIC
	"-//Hibernate/Hibernate Mapping DTD 3.0//EN"
	"http://hibernate.sourceforge.net/hibernate-mapping-3.0.dtd">
<hibernate-mapping package="es.upm.dit.itecban.ad.pbo.domain">
   
	<class name="TipoCuenta" table="TIPO_CUENTAS" lazy="false">
  
		<id name="idTipoCuenta" type="java.lang.Long"
  			column="ID_TIPO_CUENTAS">
  			<generator class="increment"></generator>
  		</id>
  
		<property name="nombreCuenta" type="string"
  			column="NOMBRE"></property>
		
		<property name="interes" type="int"
  			column="INTERES"></property>
  	</class>



</hibernate-mapping>