<?xml version='1.0' encoding='UTF-8'?>
<dataset>
  <CLIENTES ID_CLIENTE="1" NOMBRE="Juan" APELLIDO1="Perez" APELLIDO2="Marin" DNI="12345678L"/>
  <CLIENTES ID_CLIENTE="2" NOMBRE="LLL" APELLIDO1="GGG" APELLIDO2="RRR" DNI="DNIE"/>
  <CREDITOS ID_CREDITO="1" TIPO_CREDITO="1" TITULAR="1" CUENTA_CARGO="1" PRINCIPAL="100000.0" CAPITAL_PENDIENTE="100000.0" PLAZO_INICIAL="120" PERIODO_CARENCIA="0" CUOTAS_PENDIENTES="120" FECHA_CONTRATACION="2008-01-01 00:00:00.0"/>
  <CUENTAS NUMERO_CUENTA="1" SALDO="45600" LIMITE_ROJO="0" FECHA_CREACION="2007-12-11 13:06:05.0" OFICINA="1234" ID_TIPO_CUENTAS="1"/>
  <CUENTAS NUMERO_CUENTA="2" SALDO="222200" LIMITE_ROJO="1000000" FECHA_CREACION="2007-12-11 13:06:05.0" OFICINA="1234" ID_TIPO_CUENTAS="2"/>
  <CUENTAS NUMERO_CUENTA="3" SALDO="33333300" LIMITE_ROJO="6761" FECHA_CREACION="2007-12-11 13:06:05.0" OFICINA="1234" ID_TIPO_CUENTAS="3"/>
  <CUENTASCLIENTES ID_CLIENTE="1" NUMERO_CUENTA="1"/>
  <CUENTASCLIENTES ID_CLIENTE="1" NUMERO_CUENTA="2"/>
  <CUENTASCLIENTES ID_CLIENTE="2" NUMERO_CUENTA="3"/>
  <MOVIMIENTOS_CUENTAS ID_MC="1" VALOR="2000" CONCEPTO="Mediamarkt" FECHA="2007-12-11 13:06:05.0" NUMERO_CUENTA="1" ID_TIPO_MOVIMIENTO="1"/>
  <MOVIMIENTOS_CUENTAS ID_MC="2" VALOR="400" CONCEPTO="Mediamarkt" FECHA="2007-12-11 13:06:05.0" NUMERO_CUENTA="2" ID_TIPO_MOVIMIENTO="2"/>
  <MOVIMIENTOS_CUENTAS ID_MC="3" VALOR="49" CONCEPTO="ADSL" FECHA="2007-12-11 13:06:05.0" NUMERO_CUENTA="2" ID_TIPO_MOVIMIENTO="2"/>
  <MOVIMIENTOS_CUENTAS ID_MC="4" VALOR="50" CONCEPTO="Gasolina" NUMERO_CUENTA="2" ID_TIPO_MOVIMIENTO="1"/>
  <MOVIMIENTOS_CUENTAS ID_MC="5" VALOR="100" CONCEPTO="Abono de Intereses" NUMERO_CUENTA="2" ID_TIPO_MOVIMIENTO="3"/>
  <MOVIMIENTOS_CUENTAS ID_MC="6" VALOR="600" CONCEPTO="Compras" NUMERO_CUENTA="3" ID_TIPO_MOVIMIENTO="1"/>
  <MOVIMIENTOS_CUENTAS ID_MC="7" VALOR="100" CONCEPTO="Abonos varios" NUMERO_CUENTA="3" ID_TIPO_MOVIMIENTO="3"/>
  <MOVIMIENTOS_CUENTAS ID_MC="8" VALOR="150" CONCEPTO="ALquiler piso" NUMERO_CUENTA="1" ID_TIPO_MOVIMIENTO="1"/>
  <MOVIMIENTOS_CUENTAS ID_MC="9" VALOR="150" CONCEPTO="ALquiler piso" NUMERO_CUENTA="1" ID_TIPO_MOVIMIENTO="1"/>
  <MOVIMIENTOS_CUENTAS ID_MC="10" VALOR="150" CONCEPTO="ALquiler piso" NUMERO_CUENTA="1" ID_TIPO_MOVIMIENTO="1"/>
  <MOVIMIENTOS_CUENTAS ID_MC="11" VALOR="150" CONCEPTO="ALquiler piso" NUMERO_CUENTA="1" ID_TIPO_MOVIMIENTO="1"/>
  <MOVIMIENTOS_CUENTAS ID_MC="12" VALOR="150" CONCEPTO="ALquiler piso" NUMERO_CUENTA="1" ID_TIPO_MOVIMIENTO="1"/>
  <MOVIMIENTOS_CUENTAS ID_MC="13" VALOR="150" CONCEPTO="ALquiler piso" NUMERO_CUENTA="1" ID_TIPO_MOVIMIENTO="1"/>
  <MOVIMIENTOS_CUENTAS ID_MC="14" VALOR="150" CONCEPTO="ALquiler piso" NUMERO_CUENTA="1" ID_TIPO_MOVIMIENTO="1"/>
  <MOVIMIENTOS_CUENTAS ID_MC="15" VALOR="150" CONCEPTO="ALquiler piso" NUMERO_CUENTA="1" ID_TIPO_MOVIMIENTO="1"/>
  <MOVIMIENTOS_CUENTAS ID_MC="16" VALOR="500" CONCEPTO="iufilsdfuis" NUMERO_CUENTA="1" ID_TIPO_MOVIMIENTO="1"/>
  <POLIZAS NUMERO_POLIZA="1" TIPO_POLIZA="1" FECHA_ACTIVACION="2008-01-01 00:00:00.0" FECHA_TERMINACION="2009-01-01 00:00:00.0" CUENTA_CARGO="1" PRECIO="100"/>
  <POLIZAS NUMERO_POLIZA="2" TIPO_POLIZA="2" FECHA_ACTIVACION="2008-01-01 00:00:00.0" FECHA_TERMINACION="2009-01-01 00:00:00.0" CUENTA_CARGO="2" PRECIO="200"/>
  <TAREAS_EN_CURSO/>
  <TIPO_CUENTAS ID_TIPO_CUENTAS="1" NOMBRE="Cuenta Joven" INTERES="300"/>
  <TIPO_CUENTAS ID_TIPO_CUENTAS="2" NOMBRE="Cuenta Ahorro" INTERES="600"/>
  <TIPO_CUENTAS ID_TIPO_CUENTAS="3" NOMBRE="Cuenta Corriente" INTERES="150"/>
  <TIPO_MOVIMIENTOS ID_TIPO_MOVIMIENTO="1" DESCRIPCION="Pago tarjeta"/>
  <TIPO_MOVIMIENTOS ID_TIPO_MOVIMIENTO="2" DESCRIPCION="Pago recibo"/>
  <TIPO_MOVIMIENTOS ID_TIPO_MOVIMIENTO="3" DESCRIPCION="Abono"/>
  <TIPO_PERMISOS ID_TIPO_PERMISO="1" TIPO_PERMISO="Titular"/>
  <TIPO_PERMISOS ID_TIPO_PERMISO="2" TIPO_PERMISO="Autorizado"/>
  <TIPOS_CREDITOS ID="1" NOMBRE_CREDITO="Hipoteca 10" TIPO_GARANTIA="Hipotecaria" TIPO_AMORTIZACION="Cuotas" TIPO_REFERENCIA="FIJO" PLAZO_MINIMO="120" PLAZO_MAXIMO="120" PRINCIPAL_MINIMO="50000.0" PRINCIPAL_MAXIMO="5000000.0" CARENCIA_MAXIMA="0" INTERES="5.0" FRECUENCIA_REVISION="0"/>
  <TIPOS_CREDITOS ID="2" NOMBRE_CREDITO="Credito Ordenador" TIPO_GARANTIA="Personal" TIPO_AMORTIZACION="Cuotas" TIPO_REFERENCIA="FIJO" PLAZO_MINIMO="12" PLAZO_MAXIMO="12" PRINCIPAL_MINIMO="300.0" PRINCIPAL_MAXIMO="3000.0" CARENCIA_MAXIMA="0" INTERES="5.0" FRECUENCIA_REVISION="0"/>
  <TIPOS_POLIZAS ID="1" NOMBRE_POLIZA="Seguro de Hogar" COBERTURAS="Cobertura de inundaciones Cobertura de incendios Cobertura de robo Franquicia 100 euros" CONTRATO="Modelo de contrato de seguro de hogar 1.- DEFINICIONES La parte contratante de la primera parte establecera que la parte contratante de la primera parte se mantenga como parte contratante de la primera parte. 2.- DURACION La parte contra... "/>
  <TIPOS_POLIZAS ID="2" NOMBRE_POLIZA="Seguro de Vida" COBERTURAS="Fallecimiento hasta 2.000.000 euros Incapacidad temporal hasta 1.000.000 euros Incapacidad permanente hasta 1.000.000 euros " CONTRATO="Modelo de contrato de seguro de vida y accidentes 1.- DEFINICIONES La parte contratante de la segunda parte establecera que la parte contratante de la primera parte se mantenga como parte contratante de la primera parte. 2.- DURACION La... "/>
</dataset>
